id,nombre,descripcion,palabras_clave,grupo_id,grupo_nombre,grupo_definicion,terminos_representativos
1,Ciencias basicas aplicadas a la ingenieria,"Modelacion matematica, fisica aplicada, estadistica y fundamentos cientificos para resolver problemas de ingenieria.",matematicas; fisica; estadistica; modelacion; ingenieria,-1,CABAS sin grupo estable,"Agrupa CABAS con afinidad en sin asignacion estable. Su aporte al campo 'Ingenieria aplicada, tecnologias convergentes y sostenibilidad de organizaciones y territorios' consiste en integrar capacidades academicas para investigacion-creacion, docencia, innovacion y proyeccion social.",sin asignacion estable
2,Organizaciones y proyectos,"Gestion de organizaciones, formulacion, direccion y evaluacion de proyectos con enfoque estrategico y de valor publico.",organizaciones; proyectos; estrategia; gestion; evaluacion,0,"Gestion de organizaciones, operaciones y proyectos","Agrupa CABAS con afinidad en datos, ciencia, ciencia datos, catastro. Su aporte al campo 'Ingenieria aplicada, tecnologias convergentes y sostenibilidad de organizaciones y territorios' consiste en integrar capacidades academicas para investigacion-creacion, docencia, innovacion y proyeccion social.","datos, ciencia, ciencia datos, catastro, proyectos, organizaciones"
3,Catastro gestion territorial y avaluos,"Analisis del territorio, catastro multiproposito, valoracion, ordenamiento y administracion de informacion predial.",catastro; territorio; avaluos; predial; ordenamiento,0,"Gestion de organizaciones, operaciones y proyectos","Agrupa CABAS con afinidad en datos, ciencia, ciencia datos, catastro. Su aporte al campo 'Ingenieria aplicada, tecnologias convergentes y sostenibilidad de organizaciones y territorios' consiste en integrar capacidades academicas para investigacion-creacion, docencia, innovacion y proyeccion social.","datos, ciencia, ciencia datos, catastro, proyectos, organizaciones"
4,Geodesia y geotecnologias aplicadas al territorio,"Captura, procesamiento y analisis de informacion geoespacial mediante geodesia, sensores remotos, GNSS y SIG.",geodesia; geotecnologias; SIG; sensores remotos; territorio,2,"Territorio, geotecnologias y ciudades inteligentes","Agrupa CABAS con afinidad en sig, sensores, ciudades, geodesia. Su aporte al campo 'Ingenieria aplicada, tecnologias convergentes y sostenibilidad de organizaciones y territorios' consiste en integrar capacidades academicas para investigacion-creacion, docencia, innovacion y proyeccion social.","sig, sensores, ciudades, geodesia, movilidad, ciudades inteligentes"
5,Electronica control y automatizacion,"Diseno de sistemas electronicos, control automatico, instrumentacion, robotica y automatizacion de procesos.",electronica; control; automatizacion; robotica; instrumentacion,3,"Sistemas electronicos, conectividad y automatizacion","Agrupa CABAS con afinidad en automatizacion, control, computacion, sistemas. Su aporte al campo 'Ingenieria aplicada, tecnologias convergentes y sostenibilidad de organizaciones y territorios' consiste en integrar capacidades academicas para investigacion-creacion, docencia, innovacion y proyeccion social.","automatizacion, control, computacion, sistemas, electronica control, control automatizacion"
6,Redes inteligentes telecomunicaciones y seguridad informatica,"Infraestructura de redes, comunicaciones digitales, internet de las cosas, ciberseguridad y servicios conectados.",redes; telecomunicaciones; ciberseguridad; IoT; conectividad,4,"Sistemas electronicos, conectividad y automatizacion","Agrupa CABAS con afinidad en infraestructura, seguridad, redes, resiliencia. Su aporte al campo 'Ingenieria aplicada, tecnologias convergentes y sostenibilidad de organizaciones y territorios' consiste en integrar capacidades academicas para investigacion-creacion, docencia, innovacion y proyeccion social.","infraestructura, seguridad, redes, resiliencia, resiliencia infraestructura, telecomunicaciones"
7,Ciencias de sistemas cibernetica IA y computacion,"Estudio de sistemas complejos, inteligencia artificial, computacion, simulacion y metodos ciberneticos.",IA; computacion; cibernetica; sistemas complejos; simulacion,3,"Sistemas electronicos, conectividad y automatizacion","Agrupa CABAS con afinidad en automatizacion, control, computacion, sistemas. Su aporte al campo 'Ingenieria aplicada, tecnologias convergentes y sostenibilidad de organizaciones y territorios' consiste en integrar capacidades academicas para investigacion-creacion, docencia, innovacion y proyeccion social.","automatizacion, control, computacion, sistemas, electronica control, control automatizacion"
8,Ingenieria de software ciencia de datos y programacion,"Construccion de software, analitica, ciencia de datos, programacion y arquitecturas computacionales.",software; datos; programacion; analitica; arquitectura,0,"Gestion de organizaciones, operaciones y proyectos","Agrupa CABAS con afinidad en datos, ciencia, ciencia datos, catastro. Su aporte al campo 'Ingenieria aplicada, tecnologias convergentes y sostenibilidad de organizaciones y territorios' consiste en integrar capacidades academicas para investigacion-creacion, docencia, innovacion y proyeccion social.","datos, ciencia, ciencia datos, catastro, proyectos, organizaciones"
9,Gestion de TI y transformacion digital,"Gobierno de tecnologias de informacion, transformacion digital, arquitectura empresarial y gestion de servicios tecnologicos.",TI; transformacion digital; gobierno; servicios; arquitectura empresarial,-1,CABAS sin grupo estable,"Agrupa CABAS con afinidad en sin asignacion estable. Su aporte al campo 'Ingenieria aplicada, tecnologias convergentes y sostenibilidad de organizaciones y territorios' consiste en integrar capacidades academicas para investigacion-creacion, docencia, innovacion y proyeccion social.",sin asignacion estable
10,Sistemas electricos de energia y potencia,"Generacion, transmision, distribucion, calidad, mercados y estabilidad de sistemas electricos de potencia.",energia; potencia; redes electricas; estabilidad; distribucion,5,"Energia, ambiente y sostenibilidad socio-tecnica","Agrupa CABAS con afinidad en potencia, renovables, energetica, energia. Su aporte al campo 'Ingenieria aplicada, tecnologias convergentes y sostenibilidad de organizaciones y territorios' consiste en integrar capacidades academicas para investigacion-creacion, docencia, innovacion y proyeccion social.","potencia, renovables, energetica, energia, electricos, sistemas electricos"
11,Ciencia de datos para toma de decisiones en sistemas organizacionales,"Modelos de datos, aprendizaje automatico, inteligencia de negocios y analitica para decisiones organizacionales.",ciencia de datos; decisiones; organizacional; machine learning; BI,0,"Gestion de organizaciones, operaciones y proyectos","Agrupa CABAS con afinidad en datos, ciencia, ciencia datos, catastro. Su aporte al campo 'Ingenieria aplicada, tecnologias convergentes y sostenibilidad de organizaciones y territorios' consiste en integrar capacidades academicas para investigacion-creacion, docencia, innovacion y proyeccion social.","datos, ciencia, ciencia datos, catastro, proyectos, organizaciones"
12,Investigacion de operaciones en sistemas organizacionales,"Optimizacion, simulacion, teoria de colas, modelos estocasticos y soporte cuantitativo para la gestion.",optimizacion; simulacion; operaciones; estocastico; gestion,-1,CABAS sin grupo estable,"Agrupa CABAS con afinidad en sin asignacion estable. Su aporte al campo 'Ingenieria aplicada, tecnologias convergentes y sostenibilidad de organizaciones y territorios' consiste en integrar capacidades academicas para investigacion-creacion, docencia, innovacion y proyeccion social.",sin asignacion estable
13,Gestion de operaciones y cadenas de suministro,"Planeacion, logistica, abastecimiento, produccion, distribucion y sostenibilidad en cadenas de suministro.",operaciones; logistica; abastecimiento; produccion; suministro,-1,CABAS sin grupo estable,"Agrupa CABAS con afinidad en sin asignacion estable. Su aporte al campo 'Ingenieria aplicada, tecnologias convergentes y sostenibilidad de organizaciones y territorios' consiste en integrar capacidades academicas para investigacion-creacion, docencia, innovacion y proyeccion social.",sin asignacion estable
14,Ingenieria de productos materiales y procesos,"Diseno y mejora de productos, materiales, manufactura, procesos industriales y evaluacion del ciclo de vida.",producto; materiales; manufactura; procesos; ciclo de vida,1,"Computacion, datos e inteligencia artificial aplicada","Agrupa CABAS con afinidad en salud, ingenieria, materiales, procesos. Su aporte al campo 'Ingenieria aplicada, tecnologias convergentes y sostenibilidad de organizaciones y territorios' consiste en integrar capacidades academicas para investigacion-creacion, docencia, innovacion y proyeccion social.","salud, ingenieria, materiales, procesos, comunicacion, etica"
15,Humanidades en ingenieria,"Relacion entre tecnologia, sociedad, etica, comunicacion, sostenibilidad y formacion integral en ingenieria.",humanidades; etica; sociedad; sostenibilidad; comunicacion,1,"Computacion, datos e inteligencia artificial aplicada","Agrupa CABAS con afinidad en salud, ingenieria, materiales, procesos. Su aporte al campo 'Ingenieria aplicada, tecnologias convergentes y sostenibilidad de organizaciones y territorios' consiste en integrar capacidades academicas para investigacion-creacion, docencia, innovacion y proyeccion social.","salud, ingenieria, materiales, procesos, comunicacion, etica"
16,Energias renovables y sostenibilidad energetica,"Integracion de fuentes renovables, eficiencia energetica, transicion energetica y tecnologias limpias.",renovables; eficiencia; sostenibilidad; energia; transicion,5,"Energia, ambiente y sostenibilidad socio-tecnica","Agrupa CABAS con afinidad en potencia, renovables, energetica, energia. Su aporte al campo 'Ingenieria aplicada, tecnologias convergentes y sostenibilidad de organizaciones y territorios' consiste en integrar capacidades academicas para investigacion-creacion, docencia, innovacion y proyeccion social.","potencia, renovables, energetica, energia, electricos, sistemas electricos"
17,Tecnologias ambientales y gestion del recurso hidrico,"Soluciones tecnologicas para agua, residuos, impacto ambiental, restauracion y gestion sostenible de recursos.",ambiente; agua; residuos; impacto; recursos,1,"Computacion, datos e inteligencia artificial aplicada","Agrupa CABAS con afinidad en salud, ingenieria, materiales, procesos. Su aporte al campo 'Ingenieria aplicada, tecnologias convergentes y sostenibilidad de organizaciones y territorios' consiste en integrar capacidades academicas para investigacion-creacion, docencia, innovacion y proyeccion social.","salud, ingenieria, materiales, procesos, comunicacion, etica"
18,Analitica territorial y ciudades inteligentes,"Uso de datos, sensores, SIG y plataformas digitales para planear ciudades, movilidad y servicios urbanos.",ciudades inteligentes; SIG; movilidad; sensores; datos urbanos,2,"Territorio, geotecnologias y ciudades inteligentes","Agrupa CABAS con afinidad en sig, sensores, ciudades, geodesia. Su aporte al campo 'Ingenieria aplicada, tecnologias convergentes y sostenibilidad de organizaciones y territorios' consiste en integrar capacidades academicas para investigacion-creacion, docencia, innovacion y proyeccion social.","sig, sensores, ciudades, geodesia, movilidad, ciudades inteligentes"
19,Ingenieria de seguridad y resiliencia de infraestructura,"Gestion del riesgo, confiabilidad, seguridad operacional y resiliencia de infraestructura critica.",seguridad; resiliencia; infraestructura; riesgo; confiabilidad,4,"Sistemas electronicos, conectividad y automatizacion","Agrupa CABAS con afinidad en infraestructura, seguridad, redes, resiliencia. Su aporte al campo 'Ingenieria aplicada, tecnologias convergentes y sostenibilidad de organizaciones y territorios' consiste en integrar capacidades academicas para investigacion-creacion, docencia, innovacion y proyeccion social.","infraestructura, seguridad, redes, resiliencia, resiliencia infraestructura, telecomunicaciones"
20,Bioingenieria y tecnologias para la salud,"Aplicacion de ingenieria, sensores, datos y dispositivos para salud, rehabilitacion y sistemas biomedicos.",bioingenieria; salud; dispositivos; sensores; biometria,1,"Computacion, datos e inteligencia artificial aplicada","Agrupa CABAS con afinidad en salud, ingenieria, materiales, procesos. Su aporte al campo 'Ingenieria aplicada, tecnologias convergentes y sostenibilidad de organizaciones y territorios' consiste en integrar capacidades academicas para investigacion-creacion, docencia, innovacion y proyeccion social.","salud, ingenieria, materiales, procesos, comunicacion, etica"
